param,00_default.param,13_initial_atc.param,23_optional_pid_adjustment.param,30_quick_tune_results.param,36_autotune_roll_results.param,38_autotune_pitch_results.param,40_autotune_yaw_results.param,42_autotune_yawd_results.param,44_autotune_roll_pitch_retune_results.param
ATC_ACCEL_P_MAX,110000.0,167400.0,,,,,,,
ATC_ACCEL_R_MAX,110000.0,167400.0,,,,,,,
ATC_ACCEL_Y_MAX,27000.0,31400.0,,,,,,,
ATC_ANG_PIT_P,4.5,,4.5,,,4.5,,,4.5
ATC_ANG_RLL_P,4.5,,4.5,,4.5,,,,4.5
ATC_ANG_YAW_P,4.5,5.2,4.5,,,,4.5,4.5,
ATC_RAT_PIT_FLTD,20.0,37.0,,,,,,,
ATC_RAT_PIT_FLTE,0.0,0.0,,,,,,,
ATC_RAT_PIT_FLTT,20.0,37.0,,,,,,,
ATC_RAT_RLL_FLTD,20.0,37.0,,,,,,,
ATC_RAT_RLL_FLTE,0.0,0.0,,,,,,,
ATC_RAT_RLL_FLTT,20.0,37.0,,,,,,,
ATC_RAT_YAW_FLTD,20.0,0.0,,0.0,,,,,
ATC_RAT_YAW_FLTE,2.5,2.0,,,,,2.5,,
ATC_RAT_YAW_FLTT,20.0,37.0,,,,,,,
ATC_RAT_PIT_D,0.0036,,0.0009,0.0009,,0.0036,,,0.0036
ATC_RAT_PIT_I,0.135,,0.0675,0.0675,,0.135,,,0.135
ATC_RAT_PIT_P,0.135,,0.0675,0.0675,,0.135,,,0.135
ATC_RAT_RLL_D,0.0036,,0.0009,0.0009,0.0036,,,,0.0036
ATC_RAT_RLL_I,0.135,,0.0675,0.0675,0.135,,,,0.135
ATC_RAT_RLL_P,0.135,,0.0675,0.0675,0.135,,,,0.135
ATC_RAT_YAW_D,0.0,,0.0,0.0,,,,0.0,
ATC_RAT_YAW_I,0.018,,0.018,0.018,,,0.018,0.018,
ATC_RAT_YAW_P,0.18,,0.18,0.18,,,0.18,0.18,
INS_ACCEL_FILTER,20.0,10.0,,,,,,,
INS_GYRO_FILTER,20.0,74.0,,,,,,,
